,nombre_autor
0,"BAROJA, RICARDO"
1,"BAROJA, RICARDO"
2,"BAROJA, RICARDO"
3,"BAROJA, RICARDO"
4,"BAROJA, RICARDO"
5,DESCONOCIDO
6,DESCONOCIDO
7,ALARCON FELICES
8,"MARTINEZ TORRES, ANTONIO"
9,"ORTEGA LOPEZ, ANTONIO"
10,"HERNANSAEZ DE DIOS, ANGEL"
11,"BALLESTER NAVARRO, MARIANO"
12,"BALLESTER NAVARRO, MARIANO"
13,"BALLESTER NAVARRO, MARIANO"
14,"GARCIA FERNANDEZ, JOAQUIN"
15,"MU�OZ BARBERAN, MANUEL"
16,"GONZALEZ MORENO, JUAN"
17,"GONZALEZ MORENO, JUAN"
18,"GONZALEZ MORENO, JUAN"
19,"TOLEDO TORRECILLAS, LUIS"
20,"FLORES, PEDRO"
21,"LEIRO, FRANCISCO"
22,"TAPIES, ANTONI"
23,EQUIPO CRONICA
24,"LOPEZ, ANTONIO"
25,"LOPEZ HERNANDEZ, JULIO"
26,"CHILLIDA, EDUARDO"
27,LIDO RICO
28,"GOYENETXEA, BEGO�A"
29,"TEJEO, RAFAEL"
30,"BAROJA, RICARDO"
31,"BAROJA, RICARDO"
32,"BAROJA, RICARDO"
33,"BAROJA, RICARDO"
34,"BAROJA, RICARDO"
35,"BAROJA, RICARDO"
36,"BAROJA, RICARDO"
37,"CASTA�O, CARMEN"
38,"DIAZ BAUTISTA, ANTONIO"
39,DESCONOCIDO
40,DESCONOCIDO
41,DESCONOCIDO
42,DESCONOCIDO
43,DESCONOCIDO
44,DESCONOCIDO
45,DESCONOCIDO
46,DESCONOCIDO
47,DESCONOCIDO
48,DESCONOCIDO
49,DESCONOCIDO
50,"AVELLANEDA, MANUEL"
51,"MOLINA SANCHEZ, JOSE ANTONIO"
52,"MOLINA SANCHEZ, JOSE ANTONIO"
53,"MOLINA SANCHEZ, JOSE ANTONIO"
54,"BONAFE, JUAN"
55,"BONAFE, JUAN"
56,"BONAFE, JUAN"
57,JULIO ANTONIO
58,"GOMEZ CANO, ANTONIO"
59,"GOMEZ CANO, ANTONIO"
60,"GOMEZ CANO, ANTONIO"
61,VICTORIO NICOLAS
62,"BELZUNCE, MANOLO"
63,"CACHO, JOSE LUIS"
64,"MARTINEZ MENGUAL, ANTONIO"
65,"SAURA SERNA, FRANCISCO"
66,"AZPARREN, J."
67,"MOLINA SANCHEZ, JOSE ANTONIO"
68,"BARNUEVO, MANUEL"
69,"JIMENEZ, ANTONIO"
70,"HARO, ANGEL"
71,"ALONSO LUZZY, RAMON"
72,"CAMPUZANO MORENO, ESTEBAN"
73,"CANOVAS SALA, FRANCISCO"
74,"LINARES, ESTEBAN"
75,"VIVO, PACO"
76,"DELGADO, MANUEL"
77,"CONESA, PACO"
78,"GARCIA OLIVARES, ADELA"
79,"PINA NORTES, �NGEL"
80,"BALLESTER, ANTONIO"
81,"ANDREU MAURANDI, DOLORES"
82,"SERNA VERDU, PEDRO"
83,"SALAS, PILAR"
84,"SALAS, PILAR"
85,"BOVET, MATEO"
86,"BORONAT, M."
87,"MERCADO, JUAN DE DIOS"
88,"NIETO, ENRIQUE"
89,"STILES, PAUL"
90,"HERNANDEZ COP, FRANCISCO"
91,"�IGUEZ, FRANCISCO"
92,"GONZALEZ ALBERDI, MERCEDES"
93,"PARRAGA, JOSE MARIA"
94,"CHARRIS, ANGEL MATEO"
95,"GAYA, RAMON"
96,VARIOS
97,"MORALES, SOFIA"
98,"CATARINEU, DORA"
99,"FALGAS RIGAL, JOSE MARIA"
100,"TRENADO, CARMELO"
101,"HERNANSAEZ DE DIOS, ANGEL"
102,"CEREZO MONTILLA, FRANCISCO"
103,"GARCIA, IGNACIO"
104,"MU�OZ BARBERAN, MANUEL"
105,"GARCIA SILVA, FRANCISCO"
106,"SAEZ, ASENSIO"
107,"CANO HERNANDEZ, PEDRO"
108,BERNAL AGUIRRE
109,"MONEREO, CHELETE"
110,"CASCAJOSA ARROYO, ENRIQUE"
111,"RUIZ, VICENTE"
112,EMILIO PASCUAL
113,"SEGURA, JUANA"
114,"BARNUEVO, MANUEL"
115,EMILIO PASCUAL
116,"MARTINEZ MENGUAL, ANTONIO"
117,"TOLEDO TORRECILLAS, LUIS"
118,"GOMEZ CANO, ANTONIO"
119,"MONTERO FENOLLOS, LUISA"
120,"PORRAS LOBO, LUISA"
121,"CEBALLOS, TOMY"
122,"CARBONELL TATAY, AMPARO"
123,"MONTALBAN ROMERO, ROSARIO"
124,"PONTE PUCHE, JOSE"
125,VICENTE LOPEZ JOSE MARIA
126,"HARO, ANGEL"
127,"CANSECO LAVADO, MIGUEL"
128,ULI SCHWANDWER
129,"NOGUERO RICOL, JOSE"
130,"NIETO, ENRIQUE"
131,LIDO RICO
132,PABLO SACRISTAN FELIX LUENGO
133,"GARCIA ARROYO, MARIA A."
134,"PEREZ MARTINEZ, AURELIO"
135,"SERNA VERDU, PEDRO"
136,"AVELLANEDA, MANUEL"
137,"GARZA,RAMON"
138,LIDO RICO
139,"SASTRE, ADELA"
140,"CHARRIS, ANGEL MATEO"
141,DESCONOCIDO
142,"GARRIGOS MESEGUER, ALFONSO"
143,"GARRIGOS MESEGUER, ALFONSO"
144,"PASTOR, J."
145,"PASTOR, J."
146,"TOLEDO, PEDRO"
147,"AVELLANEDA, MANUEL"
148,DESCONOCIDO
149,BERNAL AGUIRRE
150,"CHARRIS, ANGEL MATEO"
151,"GARZA,RAMON"
152,"HARO, ANGEL"
153,J. LUIS PE�A
154,VARIOS
155,"BALLESTER, ANTONIO"
156,"LUCAS, PEPE"
157,"HARO, ANGEL"
158,WILLI RAMOS
159,DESCONOCIDO
160,MARTINEZ LAX
161,DESCONOCIDO
162,BERNAL AGUIRRE
163,BERNAL AGUIRRE
164,"MARTINEZ TORRES, ANTONIO"
165,"CARRERAS CAPO, ANDA DEL CARMEN"
166,"CHARRIS, ANGEL MATEO"
167,"SCOTT, REBECA"
168,"CARRASCOSAS, JOSE LUIS"
169,MAYA CORTES
170,"PALMERO, LUIS"
171,"BAEZ, JOSE MARIA"
172,"VIVO SANCHEZ, MIGUEL"
173,DESCONOCIDO
174,J�ELMESTRE FROISSARD
175,"PALAU RICART, FERNANDO"
176,"PALAU RICART, FERNANDO"
177,"SICRE MAQUEDA, GONZALO"
178,"SICRE MAQUEDA, GONZALO"
179,"SICRE MAQUEDA, GONZALO"
180,"PEREZ MARTINEZ, AURELIO"
181,"PEREZ MARTINEZ, AURELIO"
182,"PEREZ MARTINEZ, AURELIO"
183,"TORRES LLAMAS, FRANCISCO"
184,"TORRES LLAMAS, FRANCISCO"
185,"TORRES LLAMAS, FRANCISCO"
186,"TORRES LLAMAS, FRANCISCO"
187,"TORRES LLAMAS, FRANCISCO"
188,"PARRAGA, JOSE MARIA"
189,EMILIO PASCUAL
190,DESCONOCIDO
191,SAENZ LLORENTE
192,"ATALAYA, ENRIQUE"
193,"AVELLANEDA, MANUEL"
194,WILLIAMS HOUGURT Y LUKE SULLIV
195,HAIG.A.H.
196,"PARRAGA, JOSE MARIA"
197,"CORTILS, EDUARDO"
198,"PEREZ MARTINEZ, AURELIO"
199,"AVELLANEDA, MANUEL"
200,"BARNUEVO, MANUEL"
201,"HERNANSAEZ DE DIOS, ANGEL"
202,"MARTINEZ MENGUAL, ANTONIO"
203,"MOLINA SANCHEZ, LUIS"
204,"MU�OZ BARBERAN, MANUEL"
205,SANCHEZ M.
206,CRESPO FOIX
207,"JEREZ FERNANDEZ, TOMAS"
208,"BETANCURT, JUAN JOSE"
209,"ALARCON TUDELA, JOSE"
210,"BETANCURT, JUAN JOSE"
211,"LOPEZ RODRIGUEZ, ANTONIO"
212,MARTINEZ HITA
213,"NAVARRO, CARMEN"
214,"ORTEGA, JOSE"
215,"CEREZO MONTILLA, FRANCISCO"
216,"CEREZO MONTILLA, FRANCISCO"
217,"VILLAJOS, CONCHI"
218,"TOVAR,JOSEFA"
219,BASI ALONS Y CONSUELO TARRAGA
220,"MARTINEZ MENGUAL, ANTONIO"
221,"MIRETE, DIEGO"
222,BLAYA REYES
223,CHAFER BIXQUERT
224,"CUESTA VALERA, SALOME"
225,"ORTU�O MENGUAL, PEDRO"
226,"MARTINEZ TORRES, ANTONIO"
227,"BAS,PEDRO"
228,"SAENZ, CARMEN"
229,SIXTO BLASCO
230,SIXTO BLASCO
231,SANCHEZ ABRIL
232,"PINA RUIZ, ANGEL"
233,"BARNUEVO, MANUEL"
234,"BARNUEVO, MANUEL"
235,"LINARES, ESTEBAN"
236,WILLI RAMOS
237,"MARTINEZ MENGUAL, ANTONIO"
238,"MARTINEZ MENGUAL, ANTONIO"
239,"MARTINEZ MENGUAL, ANTONIO"
240,"LINARES, ESTEBAN"
241,DESCONOCIDO
242,WILLI RAMOS
243,"LINARES, ESTEBAN"
244,"MARTINEZ, C."
245,"ROS, VICENTE"
246,"ROS, VICENTE"
247,"NAVARRO, GABRIEL"
248,"NAVARRO, GABRIEL"
249,"NAVARRO, GABRIEL"
250,"NAVARRO, GABRIEL"
251,"NAVARRO, GABRIEL"
252,"ROS, VICENTE"
253,"RUIZ, VICENTE"
254,"ROS, VICENTE"
255,"ROS, VICENTE"
256,"ROS, VICENTE"
257,"ROS, VICENTE"
258,DESCONOCIDO
259,"SALAS, PILAR"
260,"SORIANO TALAVERA, ANTONIO"
261,"SERNA VERDU, PEDRO"
262,SOBEJANO
263,"SORIANO TALAVERA, ANTONIO"
264,"SERNA VERDU, PEDRO"
265,"SERNA VERDU, PEDRO"
266,"SERNA VERDU, PEDRO"
267,"TAYLOR, ANN"
268,TEO
269,"VALERA, CEFERINO"
270,"VALERA, CEFERINO"
271,DESCONOCIDO
272,"BRIASCO, VICTORIANO"
273,"LUCAS, PEPE"
274,"LUCAS, PEPE"
275,"SORIANO TALAVERA, ANTONIO"
276,"SORIANO TALAVERA, ANTONIO"
277,"SORIANO TALAVERA, ANTONIO"
278,"NIETO, ENRIQUE"
279,"NIETO, ENRIQUE"
280,"PALAO, M."
281,"PALAO, M."
282,"NAVARRO, GABRIEL"
283,"ALONSO LUZZY, RAMON"
284,"RUIZ, VICENTE"
285,MUHER
286,"MU�OZ BARBERAN, MANUEL"
287,"MARTINEZ MENGUAL, ANTONIO"
288,"NAVARRO, GABRIEL"
289,"LOZANO, LUIS"
290,"MONTEAGUDO, ANGEL"
291,"PARRAGA, JOSE MARIA"
292,"PARRAGA, JOSE MARIA"
293,"BRAQUEHAIS,RAFAEL"
294,"CANOVAS SALA, FRANCISCO"
295,JIMENEZ ASENSIO
296,"VALERA, CEFERINO"
297,"CARRASCO JIMENO,JOSE MARIA"
298,"PINA NORTES, �NGEL"
299,"PALAO, M."
300,"PALAO, M."
301,"PALAO, M."
302,"PASTOR, LUIS MANUEL"
303,"ROJO MARTIN, CHARO"
304,"LUCAS, PEPE"
305,"LUCAS, PEPE"
306,"LUCAS, PEPE"
307,"LUCAS, PEPE"
308,"LUCAS, PEPE"
309,"LUCAS, PEPE"
310,"LUCAS, PEPE"
311,"LUCAS, PEPE"
312,"LUCAS, PEPE"
313,"LUCAS, PEPE"
314,"LOPEZ, CONCHI"
315,"MU�OZ BARBERAN, MANUEL"
316,"MOLINA SANCHEZ, JOSE ANTONIO"
317,"ROMERA NAVARRO, MARCOS SALVADO"
318,"MOLINA SANCHEZ, JOSE ANTONIO"
319,"MU�OZ BARBERAN, MANUEL"
320,"MU�OZ BARBERAN, MANUEL"
321,"MOLINA SANCHEZ, JOSE ANTONIO"
322,"MU�OZ BARBERAN, MANUEL"
323,"MORALES, SOFIA"
324,"MOLINA SANCHEZ, JOSE ANTONIO"
325,NAVARRO CARRETERO
326,"MU�OZ BARBERAN, MANUEL"
327,"NIETO, ENRIQUE"
328,"NIETO, ENRIQUE"
329,"NIETO, ENRIQUE"
330,"CORONADO, MANUEL"
331,"CANO HERNANDEZ, PEDRO"
332,"EVANGELISTA, JUAN"
333,"FLORES, PEDRO"
334,"FLORES, PEDRO"
335,"GONZALEZ, MARCOS"
336,"GAYA, RAMON"
337,"GONZALEZ, MARCOS"
338,"GONZALEZ MORENO, JUAN"
339,"GAYA, RAMON"
340,"GARCIA, IGNACIO"
341,"GOMEZ CANO, ANTONIO"
342,"HARO, ANGEL"
343,"HARO, ANGEL"
344,"HARO, ANGEL"
345,"HARO, ANGEL"
346,JIMENEZ ASENSIO
347,"JIMENEZ ASENSIO, JUAN"
348,JORQUERA MINGUEZ
349,"LUCAS, PEPE"
350,"LUCAS, PEPE"
351,"LOPEZ, IGNACIO"
352,"LUCAS, PEPE"
353,"LUCAS, PEPE"
354,"LUCAS, PEPE"
355,"LUCAS, PEPE"
356,"KAZARIN, VICTOR"
357,"SANCHEZ LOPEZ, PEDRO"
358,"ALONSO LUZZY, RAMON"
359,"ALONSO LUZZY, RAMON"
360,"ALONSO LUZZY, RAMON"
361,"AVELLANEDA, MANUEL"
362,"ADALID, LUIS"
363,"ALONSO LUZZY, RAMON"
364,"AVELLANEDA, MANUEL"
365,"BALLESTER NAVARRO, MARIANO"
366,"BARCELO, JOSE"
367,"LUCAS, PEPE"
368,"BRAQUEHAIS,RAFAEL"
369,CAPARROS
370,"CEREZO, ANGELES"
371,"CARRASCO JIMENO,JOSE MARIA"
372,"EDUARDO CAPARROS, V."
373,"CANO HERNANDEZ, PEDRO"
374,CARRETERO
375,CAPARROS
376,CAPARROS
377,CANOVAS
378,"EDUARDO CAPARROS, V."
379,"EDUARDO CAPARROS, V."
380,"CORONADO, MANUEL"
381,"CORONADO, MANUEL"
382,"SALINAS, PACO"
383,"SALINAS, PACO"
384,"MOLINA, VICENTE JUAN"
385,"PARRA, LEANDRO"
386,"ALONSO LUZZY, RAMON"
387,"ALONSO LUZZY, RAMON"
388,"SAURA, ANGELES"
389,"MARTINEZ MENGUAL, ANTONIO"
390,"LUCAS, PEPE"
391,FERINGTON
392,"FERNANDEZ SAURA, ANGEL"
393,"SAURA, ANTONIO"
394,"SAURA, ANTONIO"
395,"SAURA, ANTONIO"
396,"SAURA, ANTONIO"
397,"FERNANDEZ SAURA, ANGEL"
398,"FERNANDEZ SAURA, ANGEL"
399,"FERNANDEZ SAURA, ANGEL"
400,"FERNANDEZ SAURA, ANGEL"
401,"FERNANDEZ SAURA, ANGEL"
402,"GARZA,RAMON"
403,"SANCHEZ LOPEZ, PEDRO"
404,"NIETO, ENRIQUE"
405,"MU�OZ BARBERAN, MANUEL"
406,DESCONOCIDO
407,"VIVO, PACO"
408,"GARZA,RAMON"
409,"PEREZ MARTINEZ, AURELIO"
410,CANOVAS
411,DESCONOCIDO
412,DESCONOCIDO
413,DESCONOCIDO
414,DESCONOCIDO
415,DESCONOCIDO
416,DESCONOCIDO
417,"OTAMENDI BARANGUAN, KUTXU"
418,"LAMAS, MENCHU"
419,"FIGARI LLOP, DIEGO"
420,"CLARAMUNT, LUIS"
421,"DOKOUPIL, GEORGE J."
422,AGUDO CRESPO
423,CAMPANO
424,"TORNE VALLE, GONZALO"
425,SALVADOR FERNANDEZ
426,"SAURA SERNA, FRANCISCO"
427,SALVADOR FERNANDEZ
428,"GARRIGOS MESEGUER, ALFONSO"
429,"GARRIGOS MESEGUER, ALFONSO"
430,"PARRAGA, JOSE MARIA"
431,"SALINAS, PACO"
432,"GARZA,RAMON"
433,"GARZA,RAMON"
434,"BARNUEVO, MANUEL"
435,"GARZA,RAMON"
436,"ROMERA NAVARRO, MARCOS SALVADO"
437,LUIS M.
438,"VAZQUEZ,A.M."
439,"ARTIGAS GUILLAMON ,CARMEN"
440,"PARRAGA, JOSE MARIA"
441,"PARRAGA, JOSE MARIA"
442,"HERNANDEZ CARPE, ANTONIO"
443,"HERNANDEZ CARPE, ANTONIO"
444,"VIVO, PACO"
445,DESCONOCIDO
446,KHAZZOUM
447,DESCONOCIDO
448,"VIUDES, VICENTE"
449,"ESCORIAL, CARMEN"
450,"PARRAGA, JOSE MARIA"
451,"PORTILLO, PABLO"
452,"LUCAS, PEPE"
453,"MARTINEZ MENGUAL, ANTONIO"
454,"HERNANDEZ CARPE, ANTONIO"
455,"HERNANDEZ CARPE, ANTONIO"
456,"GARCIA SILVA, FRANCISCO"
457,"CANO HERNANDEZ, PEDRO"
458,"PARRA, NICOLAS"
459,"PARRA, NICOLAS"
460,"HARO, ANGEL"
461,"CHARRIS, ANGEL MATEO"
462,"CEBALLOS, TOMY"
463,"MARQUEZ, PABLO"
464,"MARQUEZ, PABLO"
465,MARTINEZ LAX
466,MARTINEZ LAX
467,MARTINEZ LAX
468,"NIETO, ENRIQUE"
469,"NIETO, ENRIQUE"
470,"NIETO, ENRIQUE"
471,"BALLESTER, ANTONIO"
472,"PARRA, LEANDRO"
473,"CEREZO MONTILLA, FRANCISCO"
474,DESCONOCIDO
475,"CHARRIS, ANGEL MATEO"
476,"TAPIES, ANTONI"
477,ARROYO
478,"SAURA, ANTONIO"
479,CANOVAS
480,"BARNUEVO, MANUEL"
481,DESCONOCIDO
482,"GOMEZ CANO, CARLOS"
483,"PARDO, PEDRO"
484,HAIG.A.H.
485,GUIRAO
486,GUIRAO
487,DESCONOCIDO
488,"LINARES, ESTEBAN"
489,"GARCIA SILVA, FRANCISCO"
490,BARBA
491,"CEREZO, ZACARIAS"
492,"CEREZO, ZACARIAS"
493,"CEREZO, ZACARIAS"
494,"CEREZO, ZACARIAS"
495,"HERNANSAEZ DE DIOS, ANGEL"
496,"HERNANSAEZ DE DIOS, ANGEL"
497,"CHARRIS, ANGEL MATEO"
498,"BALLESTER, ANTONIO"
499,"CEBALLOS, TOMY"
500,"HARO, ANGEL"
501,"STILES, PAUL"
502,"STILES, PAUL"
503,"STILES, PAUL"
504,"FERNANDEZ SAURA, ANGEL"
505,"FERNANDEZ SAURA, ANGEL"
506,"FERNANDEZ SAURA, ANGEL"
507,"FERNANDEZ SAURA, ANGEL"
508,"FERNANDEZ SAURA, ANGEL"
509,"FERNANDEZ SAURA, ANGEL"
510,"PEREIRA, M.C.A."
511,"PEREIRA, M.C.A."
512,"NIETO, ENRIQUE"
513,"NIETO, ENRIQUE"
514,"REYES GUILLEN, J."
515,"NIETO, ENRIQUE"
516,"NIETO, ENRIQUE"
517,"VALENCIANO, CARLOS"
518,"PARDO, PEDRO"
519,"NIETO, ENRIQUE"
520,DESCONOCIDO
521,DESCONOCIDO
522,DESCONOCIDO
523,DESCONOCIDO
524,DESCONOCIDO
525,DESCONOCIDO
526,DESCONOCIDO
527,"BALLESTER NAVARRO, MARIANO"
528,MARTINEZ LOZANO
529,"PINA NORTES, �NGEL"
530,"VALENCIANO, CARLOS"
531,DESCONOCIDO
532,DESCONOCIDO
533,DESCONOCIDO
534,DESCONOCIDO
535,"GAYA, RAMON"
536,"GAYA, RAMON"
537,"GAYA, RAMON"
538,"GAYA, RAMON"
539,"GAYA, RAMON"
540,"GAYA, RAMON"
541,"AVELLANEDA, MANUEL"
542,GARCIA JIMENEZ. JUAN E.
543,GARCIA JIMENEZ. JUAN E.
544,"AVELLANEDA, MANUEL"
545,RUBIO PACHEO
546,"SASTRE, ADELA"
547,CANOVAS
548,"RUIZ, MANUEL L.(LOLO)"
549,GARCIA A.
550,DESCONOCIDO
551,DESCONOCIDO
552,DESCONOCIDO
553,DESCONOCIDO
554,"BRANDARD, J."
555,"ALONSO LUZZY, RAMON"
556,"CANO HERNANDEZ, PEDRO"
557,"CANO HERNANDEZ, PEDRO"
558,HIDALGO DE CISNEROS
559,"PEREIRA, M.C.A."
560,GONZALEZ RAMON
561,"GOMEZ-OSUNA, MONSERRAT"
562,"GARCIA SILVA, FRANCISCO"
563,"MARQUEZ, PABLO"
564,"LINARES, ESTEBAN"
565,"CAUBIOS, PIERRE"
566,MURADO
567,"CASCAJOSA ARROYO, ENRIQUE"
568,"GARCIA ASENJO, PALOMA"
569,"GALINDO, JORGE"
570,SATRUSTEGUI ZAPATERO
571,BALLESTER PINILLOS
572,"FERNANDEZ DE MOYA, DIEGO"
573,"GAYA, RAMON"
574,"GAYA, RAMON"
575,"GAYA, RAMON"
576,"GAYA, RAMON"
577,"GAYA, RAMON"
578,"CORONADO, MANUEL"
579,DESCONOCIDO
580,DESCONOCIDO
581,DESCONOCIDO
582,"MONEREO, CHELETE"
583,"RUIZ, VICENTE"
584,"BALLESTER, ANTONIO"
585,"AYALA, DIEGO DE"
586,"BARNUEVO, MANUEL"
587,DESCONOCIDO
588,"ALONSO LUZZY, RAMON"
589,"ALONSO LUZZY, RAMON"
590,DESCONOCIDO
591,DESCONOCIDO
592,"ALMANSA, NICOLAS"
593,"ALMANSA, NICOLAS"
594,"GOMEZ CANO, CARLOS"
595,HERNANDEZ CANO
596,"ROBLES LOPEZ, JOSE MARIA"
597,"ARAEZ, MONTSE"
598,"ARTIGAS GUILLAMON ,CARMEN"
599,"SERNA VERDU, PEDRO"
600,"SAURA MIRA, FULGENCIO"
601,"MU�OZ BARBERAN, MANUEL"
602,"HERNANSAEZ DE DIOS, ANGEL"
603,DESCONOCIDO
604,"GAYA, RAMON"
605,"CORONADO, MANUEL"
606,"CORONADO, MANUEL"
607,"CORONADO, MANUEL"
608,"CAMPUZANO MORENO, ESTEBAN"
609,"DIS BERLIN CARRERA, MARIANO"
610,"INSERTIS, PILAR"
611,"ISIDRO NORIEGA,JUAN FRANCISCO"
612,"NAVARRO BALDEWEG, JUAN"
613,PATI�O ANTON
614,PRADAS CHARO
615,"UGALDE DIEZ, JUAN"
616,"VAZQUEZ, XEXUS"
617,"VON BERNER, DARYA"
618,"MOLINA SANCHEZ, JOSE ANTONIO"
619,"GOMEZ CANO, CARLOS"
620,"AVELLANEDA, MANUEL"
621,GARCIA JIMENEZ. JUAN E.
622,GARCIA JIMENEZ. JUAN E.
623,"PARDO, PEDRO"
624,"PARDO, PEDRO"
625,"HERNANSAEZ DE DIOS, ANGEL"
626,"SERNA VERDU, PEDRO"
627,"GARCIA SILVA, FRANCISCO"
628,"WHISHAW, ANTHONY"
629,"CANO HERNANDEZ, PEDRO"
630,"FLORES, PEDRO"
631,"MURIEDAS MAZORRA, JOSE"
632,"PUJANTE, MA. ROSA"
633,"PUJANTE, MA. ROSA"
634,"ROS, ANTONIO"
635,"SALZILLO, FRANCISCO"
636,"SALZILLO, FRANCISCO"
637,TALLER DE SALZILLO
638,TALLER DE SALZILLO
639,"SEIQUER, ELISA"
640,"SEIQUER, ELISA"
641,"SEIQUER, ELISA"
642,SEIQUER ZENON
643,"SISTORI, PABLO"
644,"TOLEDO SANCHEZ, FRANCISCO"
645,"TOLEDO SANCHEZ, FRANCISCO"
646,"TOLEDO, J."
647,"TOLEDO SANCHEZ, FRANCISCO"
648,"TOLEDO, J."
649,VILLAESCUSA A.
650,"CAMPUZANO MORENO, ESTEBAN"
651,"CAMPUZANO MORENO, ESTEBAN"
652,CANCIO
653,"GONZALEZ MARCO,JOSE"
654,"GONZALEZ MARCO,JOSE"
655,"FLORES, PEDRO"
656,"GONZALEZ MORENO, JUAN"
657,"GONZALEZ MORENO, JUAN"
658,"FLORES, PEDRO"
659,"GONZALEZ MORENO, JUAN"
660,"MARTINEZ, ANASTASIO"
661,"MARTINEZ, ANASTASIO"
662,MARTINEZ REINA
663,MARTINEZ REINA
664,MARTINEZ REINA
665,MARTINEZ REINA
666,MARTINEZ REINA
667,MARTINEZ REINA
668,"MOLERA, JOSE"
669,"MOLERA, JOSE"
670,"MOLERA, JOSE"
671,"MORENO CASCALES, JOSE"
672,"MORENO CASCALES, JOSE"
673,"MORENO MORVIEDRO, ELOY"
674,"MARTINEZ MANZANO, ANTONIO"
675,"MORENO SANDOVAL, CEFERINO"
676,DESCONOCIDO
677,"ARDIL PAGAN, MANUEL"
678,"BELTRAN, DOMINGO"
679,"BOLARIN, LUIS"
680,"BOLARIN, LUIS"
681,"CARRILERO, JOSE"
682,"CARRILERO, JOSE"
683,"CARRILERO, JOSE"
684,"CARRION VALVERDE, ANTONIO"
685,"GARCIA MENGUAL, JOSE"
686,"GARCIA MENGUAL, JOSE"
687,"GARCIA MENGUAL, JOSE"
688,CAMPILLO CARCELES
689,"GARRIGOS, ANTONIO"
690,CAMPILLO CARCELES
691,"GIMENEZ CARRAMI�ANA, SARA"
692,"PEREZ MARTINEZ, AURELIO"
693,PEYROT
694,"PINA NORTES, �NGEL"
695,PONTONES
696,"PORTELA, FRANCISCO"
697,"PORTELA, FRANCISCO"
698,"PORTELA, FRANCISCO"
699,"PRIETO, GREGORIO"
700,"PUCH ORTA, GONZALO"
701,"PUCHE, AMADOR"
702,"PUCHE, AMADOR"
703,"QUEJIDO, MANUEL"
704,MIGUEL ANGEL R.
705,RAMIREZ
706,RENTERO M.
707,"REYES GUILLEN, J."
708,"REYES GUILLEN, J."
709,"BLAS, J.T. DE"
710,"REYES GUILLEN, J."
711,VAN DEN BULLKEN
712,"CACHO, JOSE LUIS"
713,DESCONOCIDO
714,YES CAMACHO
715,CAMPANO
716,DESCONOCIDO
717,DESCONOCIDO
718,"MARTINEZ, ANASTASIO"
719,DESCONOCIDO
720,DESCONOCIDO
721,DESCONOCIDO
722,DESCONOCIDO
723,DESCONOCIDO
724,"SEIQUER, ELISA"
725,"PEREZ MARTINEZ, AURELIO"
726,"PEREZ MARTINEZ, AURELIO"
727,"PEREZ MARTINEZ, AURELIO"
728,"PEREZ MARTINEZ, AURELIO"
729,"PEREZ MARTINEZ, AURELIO"
730,"PEREZ MARTINEZ, AURELIO"
731,"PASCUAL, J."
732,"PASCUAL Y WALLS, JOSE"
733,"PASTOR, LUIS MANUEL"
734,"PASTOR ORTEGA, JOSE MIGUEL"
735,"PASTOR ORTEGA, JOSE MIGUEL"
736,"PASTOR, J."
737,"PASTOR, J."
738,"PASTOR, J."
739,"PASTOR ORTEGA, JOSE MIGUEL"
740,"PASTOR ORTEGA, JOSE MIGUEL"
741,"PASTOR ORTEGA, JOSE MIGUEL"
742,"PASTOR, LUIS"
743,"PASTOR, LUIS"
744,"BENEDI, OSCAR"
745,"BLAYA, TERESA"
746,"VIUDES, VICENTE"
747,"BONAFE, JUAN"
748,"BONAFE, JUAN"
749,"VIUDES, VICENTE"
750,"BOVET, MATEO"
751,"BRULL, JAIME"
752,MARTINEZ JADRAQUE
753,MARTINEZ LOZANO
754,NAVARRO MU�OZ
755,"NAVARRO, GABRIEL"
756,"NAVARRO, GABRIEL"
757,"NICOLAS, ANTONIO"
758,OBON BUJ
759,"ORTEGA LOPEZ, ANTONIO"
760,"ORTEGA LOPEZ, ANTONIO"
761,"ORTU�O, JUAN"
762,"PALAO, M."
763,PAREDES
764,"PARDO, PEDRO"
765,"NAVARRO, GABRIEL"
766,"ESTEBAN NURILLO, BARTOLOME"
767,"PARRA, LEANDRO"
768,"PARRA, LEANDRO"
769,"PARRAGA, JOSE MARIA"
770,"PARRAGA, JOSE MARIA"
771,"PARRAGA, JOSE MARIA"
772,"PARRAGA, JOSE MARIA"
773,"BARBERA ZAMORA, JUAN"
774,"LORENTE, PEDRO"
775,"VALVERDE CANOVAS, MIGUEL"
776,"VALVERDE CANOVAS, MIGUEL"
777,"LORENTE, PEDRO"
778,"LOZANO, JOSE ANTONIO"
779,"VALVERDE CANOVAS, MIGUEL"
780,"LUCAS, PEPE"
781,"VALVERDE CANOVAS, MIGUEL"
782,"LUCAS, PEPE"
783,"VALVERDE CANOVAS, MIGUEL"
784,"LUCAS, PEPE"
785,"VALVERDE CANOVAS, MIGUEL"
786,LUIS MANUEL
787,LUIS MANUEL
788,"MARQUEZ HERNANDEZ, RAFAEL"
789,"MARQUEZ HERNANDEZ, RAFAEL"
790,"MARTINEZ, JOSE RAMON"
791,MARTINEZ CANO
792,"MARTINEZ F., ANGEL"
793,"IZMA, J."
794,"VALVERDE CANOVAS, MIGUEL"
795,"JARA NAVARRO, TRINIDAD"
796,"VALVERDE CANOVAS, MIGUEL"
797,"JIMENEZ ASENSIO, JUAN"
798,"VALVERDE CANOVAS, MIGUEL"
799,"JIMENEZ ASENSIO, JUAN"
800,"BALLESTER NAVARRO, MARIANO"
801,"JIRO, JOSE MARIA"
802,"LAORDEN, ANTONIO"
803,"LAPAYESE DEL RIO, JOSE"
804,LEAL D.
805,"VALVERDE CANOVAS, MIGUEL"
806,"BALLESTER NAVARRO, MARIANO"
807,LEGAZ
808,"VALVERDE CANOVAS, MIGUEL"
809,LEGAZ
810,"BALLESTER NAVARRO, MARIANO"
811,"LINARES, ESTEBAN"
812,"BANET, CANDIDO"
813,DESCONOCIDO
814,"TRENADO, CARMELO"
815,"HERNANDEZ CARPE, ANTONIO"
816,BALIBREA
817,"HERNANDEZ CARPE, ANTONIO"
818,"HERNANDEZ CARPE, ANTONIO"
819,"VALBUENA BRIONES, MANUEL"
820,"HERNANDEZ CARPE, ANTONIO"
821,"VALBUENA BRIONES, MANUEL"
822,"FRANCO, ALEJANDRO"
823,"HERNANSAEZ DE DIOS, ANGEL"
824,"HERNANSAEZ DE DIOS, ANGEL"
825,"VALDES LEAL, JUAN"
826,"BALLESTER, ANTONIO"
827,"HERNANSAEZ DE DIOS, ANGEL"
828,"VALDES LEAL, JUAN"
829,"VALENCIANO, CARLOS"
830,"HERREROS TERRAZ, RAMON"
831,"VALERO MORENO, JOSE"
832,HIDALGO DE CISNEROS
833,"VALVERDE CANOVAS, MIGUEL"
834,"BALLESTER NAVARRO, MARIANO"
835,"ARTIGAS GUILLAMON ,CARMEN"
836,"HERNANDEZ CARPE, ANTONIO"
837,"FLORES, PEDRO"
838,"HERNANDEZ CARPE, ANTONIO"
839,"ARTIGAS GUILLAMON ,CARMEN"
840,"FLORES, PEDRO"
841,"FLORES, PEDRO"
842,"HERNANDEZ CARPE, ANTONIO"
843,"ARTIGAS GUILLAMON ,CARMEN"
844,"FLORES, PEDRO"
845,"HERNANDEZ CARPE, ANTONIO"
846,"FLORES, PEDRO"
847,"HERNANDEZ CARPE, ANTONIO"
848,"AVELLANEDA, MANUEL"
849,"DE LA TORRE, ANTONIO"
850,"HERNANDEZ CARPE, ANTONIO"
851,TORRENTBO
852,"HERNANDEZ CARPE, ANTONIO"
853,"AVELLANEDA, MANUEL"
854,TORRES BRU
855,"TRENADO, CARMELO"
856,"HERNANDEZ CARPE, ANTONIO"
857,"SANCHEZ AZPARREN, J.L."
858,"MU�OZ BARBERAN, MANUEL"
859,"MU�OZ BARBERAN, MANUEL"
860,"MU�OZ BARBERAN, MANUEL"
861,"MU�OZ BARBERAN, MANUEL"
862,"MU�OZ BARBERAN, MANUEL"
863,NAVARRETE
864,J.H.
865,HERNANDEZ A.
866,"FLORES, PEDRO"
867,"HERNANDEZ AMORES, GERMAN"
868,"ARTIGAS GUILLAMON ,CARMEN"
869,"HERNANDEZ CARPE, ANTONIO"
870,"FLORES, PEDRO"
871,"ARTIGAS GUILLAMON ,CARMEN"
872,"FLORES, PEDRO"
873,"ARTIGAS GUILLAMON ,CARMEN"
874,"ARTIGAS GUILLAMON ,CARMEN"
875,"FLORES, PEDRO"
876,"FLORES, PEDRO"
877,"HERNANDEZ CARPE, ANTONIO"
878,"FLORES, PEDRO"
879,"ARTIGAS GUILLAMON ,CARMEN"
880,"FLORES, PEDRO"
881,TOMAS. A.
882,"FLORES, PEDRO"
883,"ARRIAGA, ESTEBAN"
884,"GRAU BERNARDO, CARMEN"
885,"TORRALBA, JESUALDO"
886,"ARTIGAS GUILLAMON ,CARMEN"
887,"FLORES, PEDRO"
888,"GRAU, JAVIER"
889,"ARTIGAS GUILLAMON ,CARMEN"
890,"FLORES, PEDRO"
891,GONZALEZ DE LA ALEJA
892,"FLORES, PEDRO"
893,"MESEGUER ALCARAZ, ANTONIO"
894,"MIRALLES, OBDULIO"
895,"MOLINA SANCHEZ, JOSE ANTONIO"
896,"MOLINA SANCHEZ, JOSE ANTONIO"
897,"MORALES, SOFIA"
898,"MORALES, SOFIA"
899,"MORENO SANDOVAL, CEFERINO"
900,"MU�OZ BARBERAN, MANUEL"
901,"MU�OZ BARBERAN, MANUEL"
902,"FLORES, PEDRO"
903,"GARCIA SILVA, FRANCISCO"
904,RUIZ GARCIA-TREJO
905,DESCONOCIDO
906,RUIZ GARCIA-TREJO
907,"FLORES, PEDRO"
908,GARDALEZ
909,ARANDA BOSCH
910,"GARZA,RAMON"
911,"GARZA,RAMON"
912,"ARMAND RUIZ, L."
913,"FLORES, PEDRO"
914,"GODINEZ, A."
915,"ARMAND RUIZ, L."
916,"FLORES, PEDRO"
917,"GOMEZ, T."
918,"GOMEZ CANO, ANTONIO"
919,"FLORES, PEDRO"
920,"GOMEZ CANO, ANTONIO"
921,"ARMI�ANA, VICENTE"
922,TOMAS. A.
923,"ARMI�ANA, VICENTE"
924,"FLORES, PEDRO"
925,SERNA PEDRO FRANCISCO
926,"FLORES, PEDRO"
927,"FLORES, PEDRO"
928,"GARAY GARCIA, LUIS"
929,"SERNA VERDU, PEDRO"
930,"GARAY GARCIA, LUIS"
931,SERNA PEDRO FRANCISCO
932,SERNA PEDRO FRANCISCO
933,"GARCIA CALVO, JUAN"
934,"GARCIA CALVO, JUAN"
935,"SZODY, L."
936,"TAPIES, ANTONI"
937,"GARCIA FERNANDEZ, JOAQUIN"
938,"FLORES, PEDRO"
939,"GARCIA FERNANDEZ, JOAQUIN"
940,"FLORES, PEDRO"
941,DE TOLEDO
942,"FLORES, PEDRO"
943,"GARCIA PANADERO, MANUEL"
944,DE TOLEDO
945,DESCONOCIDO
946,"FLORES, PEDRO"
947,TOLEDO PUCHE
948,"FALGAS RIGAL, JOSE MARIA"
949,"SAURA MIRA, FULGENCIO"
950,DESCONOCIDO
951,"SAURA MIRA, FULGENCIO"
952,"FALGAS RIGAL, JOSE MARIA"
953,"FALGAS RIGAL, JOSE MARIA"
954,"SEGURA CLEMENTE, MANUEL"
955,OLIVARES. J
956,"FALGAS RIGAL, JOSE MARIA"
957,"FALGAS RIGAL, JOSE MARIA"
958,"FALGAS RIGAL, JOSE MARIA"
959,DESCONOCIDO
960,"FALGAS RIGAL, JOSE MARIA"
961,"FALGAS RIGAL, JOSE MARIA"
962,DESCONOCIDO
963,"SAURA PACHECO, FULGENCIO"
964,"FALGAS RIGAL, JOSE MARIA"
965,"FALGAS RIGAL, JOSE MARIA"
966,FAVA
967,"FITZ-JAMES STUART, CAYETANA"
968,"FLORES, PEDRO"
969,"FLORES, PEDRO"
970,"SEIQUER, ALEJANDRO"
971,"FLORES, PEDRO"
972,"GALINDO, JOSE LUIS"
973,"GARCIA CARMONA, MIGUEL"
974,SENEN VILA
975,"GALIZA, RAMON"
976,GALLEGO
977,DESCONOCIDO
978,"ESCORIAL, CARMEN"
979,SENEN VILA
980,"GARAY GARCIA, LUIS"
981,DESCONOCIDO
982,"FALGAS RIGAL, JOSE MARIA"
983,"FALGAS RIGAL, JOSE MARIA"
984,"FALGAS RIGAL, JOSE MARIA"
985,"RUIPEREZ, LUIS"
986,"FALGAS RIGAL, JOSE MARIA"
987,"FALGAS RIGAL, JOSE MARIA"
988,"SANCHEZ PICAZO, PEDRO"
989,"FALGAS RIGAL, JOSE MARIA"
990,"FALGAS RIGAL, JOSE MARIA"
991,"SANCHEZ PICAZO, PEDRO"
992,"FALGAS RIGAL, JOSE MARIA"
993,"SANZ FARGAS, J."
994,"FALGAS RIGAL, JOSE MARIA"
995,"SAURA MIRA, FULGENCIO"
996,"DIAZ BAUTISTA, ANTONIO"
997,DESCONOCIDO
998,"SEGURA CLEMENTE, MANUEL"
999,"FLORES, PEDRO"
1000,DIAZ PADILLA
1001,"SEGURA CLEMENTE, MANUEL"
1002,"SEGURA CLEMENTE, MANUEL"
1003,"FLORES, PEDRO"
1004,DESCONOCIDO
1005,"VERA, J."
1006,"FLORES, PEDRO"
1007,"DUARTE, GUILLERMO"
1008,"FLORES, PEDRO"
1009,DESCONOCIDO
1010,"FLORES, PEDRO"
1011,"DUARTE, GUILLERMO"
1012,"FLORES, PEDRO"
1013,"DUARTE, GUILLERMO"
1014,"FRANCO, ALEJANDRO"
1015,"FUENTES, LUIS"
1016,DESCONOCIDO
1017,SENEN VILA
1018,"FUENTES, LUIS"
1019,"SANZ FARGAS, J."
1020,SARTELLA
1021,"SAURA MIRA, FULGENCIO"
1022,"VALVERDE CANOVAS, MIGUEL"
1023,"SAURA MIRA, FULGENCIO"
1024,DESCONOCIDO
1025,"SAURA MIRA, FULGENCIO"
1026,"SAURA PACHECO, FULGENCIO"
1027,"VALVERDE CANOVAS, MIGUEL"
1028,"FLORES, PEDRO"
1029,DESCONOCIDO
1030,"SAURA PACHECO, FULGENCIO"
1031,"VALVERDE CANOVAS, MIGUEL"
1032,"FLORES, PEDRO"
1033,CHIPIOLA
1034,DESCONOCIDO
1035,"SAURA PACHECO, FULGENCIO"
1036,"FLORES, PEDRO"
1037,"SAURA MIRA, FULGENCIO"
1038,"CIRICI PELLICER, MARIA"
1039,DESCONOCIDO
1040,"SAURA PACHECO, FULGENCIO"
1041,"FLORES, PEDRO"
1042,"CONEJO, ANDRES"
1043,"ALMELA COSTA, JOSE MARIA"
1044,DELGADO
1045,"ROMERA NAVARRO, MARCOS SALVADO"
1046,SANCHEZ M.
1047,DELGADO
1048,"VALVERDE CANOVAS, MIGUEL"
1049,"ALMELA COSTA, JOSE MARIA"
1050,SANCHEZ M.
1051,"ALMELA COSTA, JOSE MARIA"
1052,"SANCHEZ AZPARREN, J.L."
1053,"SANCHEZ AZPARREN, J.L."
1054,"ALMELA COSTA, JOSE MARIA"
1055,"SANCHEZ AZPARREN, J.L."
1056,"ALMELA COSTA, JOSE MARIA"
1057,"VALVERDE CANOVAS, MIGUEL"
1058,"ALONSO LUZZY, RAMON"
1059,SANCHEZ MORATINOS
1060,"ALONSO LUZZY, RAMON"
1061,"SANCHEZ PICAZO, PEDRO"
1062,SANJO
1063,SANJO
1064,"ALONSO LUZZY, RAMON"
1065,"CANO HERNANDEZ, PEDRO"
1066,RICO LOPEZ
1067,DESCONOCIDO
1068,BURGUE�O
1069,"MOLINA SANCHEZ, LUIS"
1070,"MOLINA SANCHEZ, LUIS"
1071,"MORENO FERRER, FELICIDAD"
1072,"MACIAS, LUIS"
1073,"COLLINS, HANNAH"
1074,"MUNIATEGIANDIKOETXEA MARKIEGI,"
1075,"GARCIA, CONCHA"
1076,ORIOL VILLAPUIG
1077,"TORMO FERNANDEZ, AMPARO"
1078,"CARRA, ADRIAN"
1079,"SICRE MAQUEDA, GONZALO"
1080,"DELGADO GIL-BERMEJO, JOSE MARI"
1081,"PUCH ORTA, GONZALO"
1082,"ROJAS PEINADO, ANTONIO"
1083,"PAGOLA MARIN,JAVIER"
1084,"VARAS ALVAREZ, JORGE"
1085,"PEREZ CEBRIAN, TERESA"
1086,"SUAREZ, LORENZO"
1087,"SUAREZ, LORENZO"
1088,"NIETO, ENRIQUE"
1089,"D�EZ DE REVENGA, TOM�S"
1090,"FLORES, PEDRO"
1091,"FLORES, PEDRO"
1092,"FLORES, PEDRO"
1093,"FLORES, PEDRO"
1094,"FLORES, PEDRO"
1095,"EDUARDO, VICENTE"
1096,"EDUARDO, VICENTE"
1097,"LOPEZ GARCIA-VASO, JOSE BLAS"
1098,DESCONOCIDO
1099,DESCONOCIDO
1100,OO
1101,OO
1102,OO
1103,OO
1104,"POZO, ANTONIO"
1105,"FLORES, PEDRO"
1106,OO
1107,"LOPEZ GULLON, AMANDO"
1108,"DIAZ BAUTISTA, ANTONIO"
1109,OO
1110,"LOPEZ GARCIA-VASO, JOSE BLAS"
1111,SALINAS CORREAS
1112,"GONZALEZ BELTRAN, MARIANO"
1113,"GONZALEZ MARCO,JOSE"
1114,"FRANCO, FRANCIS"
1115,"BOVET, MATEO"
1116,"BOVET, MATEO"
1117,"BOVET, MATEO"
1118,"BOVET, MATEO"
1119,"BOVET, MATEO"
1120,"BOVET, MATEO"
1121,"BOVET, MATEO"
1122,"BOVET, MATEO"
1123,"BOVET, MATEO"
1124,"BOVET, MATEO"
1125,"BOVET, MATEO"
1126,"BOVET, MATEO"
1127,"BOVET, MATEO"
1128,"BOVET, MATEO"
1129,"BOVET, MATEO"
1130,"BOVET, MATEO"
1131,"BOVET, MATEO"
1132,"BOVET, MATEO"
1133,"BOVET, MATEO"
1134,"BOVET, MATEO"
1135,"BOVET, MATEO"
1136,"BOVET, MATEO"
1137,"BOVET, MATEO"
1138,"BOVET, MATEO"
1139,"BOVET, MATEO"
1140,"BOVET, MATEO"
1141,"BOVET, MATEO"
1142,"BOVET, MATEO"
1143,"BOVET, MATEO"
1144,"BOVET, MATEO"
1145,"BOVET, MATEO"
1146,"BOVET, MATEO"
1147,"BOVET, MATEO"
1148,"BOVET, MATEO"
1149,"BOVET, MATEO"
1150,"BOVET, MATEO"
1151,"BOVET, MATEO"
1152,"BOVET, MATEO"
1153,"BOVET, MATEO"
1154,"BOVET, MATEO"
1155,"BOVET, MATEO"
1156,"BOVET, MATEO"
1157,"BOVET, MATEO"
1158,"BOVET, MATEO"
1159,"BOVET, MATEO"
1160,VARIOS
1161,"CANO HERNANDEZ, PEDRO"
1162,RODRIGUEZ J.F.
1163,"ROS, GERONIMO"
1164,"CANO HERNANDEZ, PEDRO"
1165,"ROSIQUE GAYA, BLAS"
1166,"ROSIQUE GAYA, BLAS"
1167,"ROSIQUE GAYA, BLAS"
1168,"CANO HERNANDEZ, PEDRO"
1169,"ROSIQUE GAYA, BLAS"
1170,"CANOVAS GONZALEZ, JOAQUIN"
1171,"ROSIQUE GAYA, BLAS"
1172,CANOVAS
1173,"ROSIQUE GAYA, BLAS"
1174,"ROSIQUE GAYA, BLAS"
1175,CANOVAS MORALES
1176,"ROSIQUE GAYA, BLAS"
1177,"MARTINEZ MANZANO, ANTONIO"
1178,"MARTINEZ MANZANO, ANTONIO"
1179,"MARTINEZ MANZANO, ANTONIO"
1180,"MARTINEZ MANZANO, ANTONIO"
1181,"MARTINEZ MANZANO, ANTONIO"
1182,"MARTINEZ MENGUAL, ANTONIO"
1183,MATO
1184,CAMPILLO CARCELES
1185,"CANO HERNANDEZ, PEDRO"
1186,"CANO HERNANDEZ, PEDRO"
1187,"CANOVAS GONZALEZ, JOAQUIN"
1188,"CANOVAS GONZALEZ, JOAQUIN"
1189,CANOVAS MORALES
1190,"CARRASCO JIMENO,JOSE MARIA"
1191,"CASTELLAR, JOAQUIN"
1192,ALARCON FELICES
1193,"VALVERDE CANOVAS, MIGUEL"
1194,"VALVERDE CANOVAS, MIGUEL"
1195,DESCONOCIDO
1196,"VALVERDE CANOVAS, MIGUEL"
1197,"ALCALDE, JUAN"
1198,"VALVERDE CANOVAS, MIGUEL"
1199,DESCONOCIDO
1200,DESCONOCIDO
1201,"VALVERDE CANOVAS, MIGUEL"
1202,DESCONOCIDO
1203,"VALVERDE CANOVAS, MIGUEL"
1204,ALEDO
1205,"ALMANSA, SEVERO"
1206,"VALVERDE CANOVAS, MIGUEL"
1207,"MARTINEZ MENGUAL, ANTONIO"
1208,MATO
1209,"MEDINA VERA, INOCENCIO"
1210,"MEDINA VERA, INOCENCIO"
1211,"ROSIQUE GAYA, BLAS"
1212,"ROSIQUE GAYA, BLAS"
1213,"CASTELLAR, JOAQUIN"
1214,"CERDA, L."
1215,"RUIPEREZ, LUIS"
1216,DIAZ CEREZO
1217,"RUIZ, VICENTE"
1218,"CERDA, L."
1219,RUIZ GARCIA-TREJO
1220,"RUIZ LLAMAS, GRACIA"
1221,"CHILLIDA, EDUARDO"
1222,"HERRERA, LUIS"
1223,DIAZ CEREZO
1224,"RUIZ MARTINEZ, J."
1225,"CIER, MARUJA"
1226,"SAEZ, ASENSIO"
1227,"CLAROS, JOSE"
1228,"SAEZ, ASENSIO"
1229,SALINAS CORREAS
1230,ABELLO MARTIN
1231,DESCONOCIDO
1232,DESCONOCIDO
1233,"CORTILS, EDUARDO"
1234,"TEJEO, RAFAEL"
1235,MARTINEZ LAX
1236,DESCONOCIDO
1237,DESCONOCIDO
1238,DESCONOCIDO
1239,DESCONOCIDO
1240,DESCONOCIDO
1241,DESCONOCIDO
1242,"BELZUNCE, MANOLO"
1243,"FRUCTUOSO, MIGUEL"
1244,DESCONOCIDO
1245,DESCONOCIDO
1246,DESCONOCIDO
1247,DESCONOCIDO
1248,DESCONOCIDO
1249,DESCONOCIDO
1250,DESCONOCIDO
1251,DESCONOCIDO
1252,DESCONOCIDO
1253,DESCONOCIDO
1254,DESCONOCIDO
1255,DESCONOCIDO
1256,DESCONOCIDO
1257,DESCONOCIDO
1258,DESCONOCIDO
1259,DESCONOCIDO
1260,DESCONOCIDO
1261,DESCONOCIDO
1262,DESCONOCIDO
1263,DESCONOCIDO
1264,DESCONOCIDO
1265,DESCONOCIDO
1266,DESCONOCIDO
1267,DESCONOCIDO
1268,DESCONOCIDO
1269,DESCONOCIDO
1270,DESCONOCIDO
1271,DESCONOCIDO
1272,DESCONOCIDO
1273,DESCONOCIDO
1274,DESCONOCIDO
1275,DESCONOCIDO
1276,DESCONOCIDO
1277,DESCONOCIDO
1278,DESCONOCIDO
1279,DESCONOCIDO
1280,CONFLICTOS DE ...
1281,DESCONOCIDO
1282,DESCONOCIDO
1283,DESCONOCIDO
1284,DESCONOCIDO
1285,DESCONOCIDO
1286,DESCONOCIDO
1287,DESCONOCIDO
1288,DESCONOCIDO
1289,DESCONOCIDO
1290,DESCONOCIDO
1291,MARINA NU�EZ
1292,"FRUCTUOSO, MIGUEL"
1293,MARINA NU�EZ
1294,"CHARRIS, ANGEL MATEO"
1295,DESCONOCIDO
1296,DESCONOCIDO
1297,DESCONOCIDO
1298,DESCONOCIDO
1299,DESCONOCIDO
1300,DESCONOCIDO
1301,DESCONOCIDO
1302,DESCONOCIDO
1303,DESCONOCIDO
1304,DESCONOCIDO
1305,DESCONOCIDO
1306,DESCONOCIDO
1307,DESCONOCIDO
1308,"JIMENEZ, CARMEN"
1309,DESCONOCIDO
1310,DESCONOCIDO
1311,DESCONOCIDO
1312,DESCONOCIDO
1313,"AVELLANEDA, MANUEL"
1314,BALIBREA
1315,VARIOS
1316,VARIOS
1317,VARIOS
1318,VARIOS
1319,VARIOS
1320,VARIOS
1321,VARIOS
1322,VARIOS
1323,VARIOS
1324,VARIOS
1325,VARIOS
1326,VARIOS
1327,DESCONOCIDO
1328,"AVELLANEDA, MANUEL"
1329,DESCONOCIDO
1330,DESCONOCIDO
1331,DESCONOCIDO
1332,"AVELLANEDA, MANUEL"
1333,"AVELLANEDA, MANUEL"
1334,"AVELLANEDA, MANUEL"
1335,"AVELLANEDA, MANUEL"
1336,"AVELLANEDA, MANUEL"
1337,CARMELA
1338,ESCUELA DE SALZILLO
1339,"MESEGUER ALCARAZ, ANTONIO"
1340,"MESEGUER ALCARAZ, ANTONIO"
1341,DESCONOCIDO
1342,"MESEGUER ALCARAZ, ANTONIO"
1343,"MESEGUER ALCARAZ, ANTONIO"
1344,DESCONOCIDO
1345,"MESEGUER ALCARAZ, ANTONIO"
1346,"MESEGUER ALCARAZ, ANTONIO"
1347,DESCONOCIDO
1348,"MESEGUER ALCARAZ, ANTONIO"
1349,"MESEGUER ALCARAZ, ANTONIO"
1350,BALIBREA
1351,DESCONOCIDO
1352,DESCONOCIDO
1353,"FONTCUBERTA, JOAN"
1354,OO
1355,"AVELLANEDA, MANUEL"
1356,"FLORES, PEDRO"
1357,"CERDA, L."
1358,"FALGAS RIGAL, JOSE MARIA"
1359,"ARMI�ANA, VICENTE"
1360,"FERNANDEZ, LUIS J."
1361,"PINA NORTES, �NGEL"
1362,"GARC�A TALAVERA, JUAN JOS�"
1363,"GARC�A TALAVERA, JUAN JOS�"
1364,"YAG�ES, PEPE"
1365,"HARO, ANGEL"
1366,DESCONOCIDO
1367,"MOLINA SANCHEZ, LUIS"
1368,TERESA GARCIA MACABICH
1369,OCTAVIANO
1370,DESCONOCIDO
1371,DESCONOCIDO
1372,"MEDINA VERA, INOCENCIO"
1373,"MEDINA VERA, INOCENCIO"
1374,"MEDINA VERA, INOCENCIO"
1375,"MEDINA VERA, INOCENCIO"
1376,"MEDINA VERA, INOCENCIO"
1377,"MEDINA VERA, INOCENCIO"
1378,"MEDINA VERA, INOCENCIO"
1379,"MEDINA VERA, INOCENCIO"
1380,"MEDINA VERA, INOCENCIO"
1381,"MEDINA VERA, INOCENCIO"
1382,"MEDINA VERA, INOCENCIO"
1383,"MEDINA VERA, INOCENCIO"
1384,"MEDINA VERA, INOCENCIO"
1385,"MEDINA VERA, INOCENCIO"
1386,"MEDINA VERA, INOCENCIO"
1387,"MEDINA VERA, INOCENCIO"
1388,"MEDINA VERA, INOCENCIO"
1389,"MEDINA VERA, INOCENCIO"
1390,"MEDINA VERA, INOCENCIO"
1391,"MEDINA VERA, INOCENCIO"
1392,"MEDINA VERA, INOCENCIO"
1393,"MEDINA VERA, INOCENCIO"
1394,"MEDINA VERA, INOCENCIO"
1395,"MEDINA VERA, INOCENCIO"
1396,"MEDINA VERA, INOCENCIO"
1397,"MEDINA VERA, INOCENCIO"
1398,"MEDINA VERA, INOCENCIO"
1399,"MEDINA VERA, INOCENCIO"
1400,"MEDINA VERA, INOCENCIO"
1401,"MEDINA VERA, INOCENCIO"
1402,"MEDINA VERA, INOCENCIO"
1403,"MEDINA VERA, INOCENCIO"
1404,"MEDINA VERA, INOCENCIO"
1405,"MEDINA VERA, INOCENCIO"
1406,"MEDINA VERA, INOCENCIO"
1407,"MEDINA VERA, INOCENCIO"
1408,"MEDINA VERA, INOCENCIO"
1409,"MEDINA VERA, INOCENCIO"
1410,"MEDINA VERA, INOCENCIO"
1411,"MEDINA VERA, INOCENCIO"
1412,"MEDINA VERA, INOCENCIO"
1413,"MEDINA VERA, INOCENCIO"
1414,"MEDINA VERA, INOCENCIO"
1415,"MEDINA VERA, INOCENCIO"
1416,"MEDINA VERA, INOCENCIO"
1417,"MEDINA VERA, INOCENCIO"
1418,"MEDINA VERA, INOCENCIO"
1419,"MEDINA VERA, INOCENCIO"
1420,"MEDINA VERA, INOCENCIO"
1421,"MEDINA VERA, INOCENCIO"
1422,"MEDINA VERA, INOCENCIO"
1423,"MEDINA VERA, INOCENCIO"
1424,"MEDINA VERA, INOCENCIO"
1425,"MEDINA VERA, INOCENCIO"
1426,"MEDINA VERA, INOCENCIO"
1427,"MEDINA VERA, INOCENCIO"
1428,"MEDINA VERA, INOCENCIO"
1429,"MEDINA VERA, INOCENCIO"
1430,"MEDINA VERA, INOCENCIO"
1431,"MEDINA VERA, INOCENCIO"
1432,"MEDINA VERA, INOCENCIO"
1433,"MEDINA VERA, INOCENCIO"
1434,"MEDINA VERA, INOCENCIO"
1435,"MEDINA VERA, INOCENCIO"
1436,"MEDINA VERA, INOCENCIO"
1437,"MEDINA VERA, INOCENCIO"
1438,"MEDINA VERA, INOCENCIO"
1439,"MEDINA VERA, INOCENCIO"
1440,"MEDINA VERA, INOCENCIO"
1441,"MEDINA VERA, INOCENCIO"
1442,"MEDINA VERA, INOCENCIO"
1443,"MEDINA VERA, INOCENCIO"
1444,"MEDINA VERA, INOCENCIO"
1445,"MEDINA VERA, INOCENCIO"
1446,"MEDINA VERA, INOCENCIO"
1447,"MEDINA VERA, INOCENCIO"
1448,"MEDINA VERA, INOCENCIO"
1449,"MEDINA VERA, INOCENCIO"
1450,"MEDINA VERA, INOCENCIO"
1451,"MEDINA VERA, INOCENCIO"
1452,"MEDINA VERA, INOCENCIO"
1453,"MEDINA VERA, INOCENCIO"
1454,"MEDINA VERA, INOCENCIO"
1455,"MEDINA VERA, INOCENCIO"
1456,"MEDINA VERA, INOCENCIO"
1457,"MEDINA VERA, INOCENCIO"
1458,"MEDINA VERA, INOCENCIO"
1459,"MEDINA VERA, INOCENCIO"
1460,"MEDINA VERA, INOCENCIO"
1461,"MEDINA VERA, INOCENCIO"
1462,"MEDINA VERA, INOCENCIO"
1463,"MEDINA VERA, INOCENCIO"
1464,"MEDINA VERA, INOCENCIO"
1465,"MEDINA VERA, INOCENCIO"
1466,"MEDINA VERA, INOCENCIO"
1467,"MEDINA VERA, INOCENCIO"
1468,"MEDINA VERA, INOCENCIO"
1469,"MEDINA VERA, INOCENCIO"
1470,"MEDINA VERA, INOCENCIO"
1471,"MEDINA VERA, INOCENCIO"
1472,"MEDINA VERA, INOCENCIO"
1473,"MEDINA VERA, INOCENCIO"
1474,"MEDINA VERA, INOCENCIO"
1475,"MEDINA VERA, INOCENCIO"
1476,"MEDINA VERA, INOCENCIO"
1477,"MEDINA VERA, INOCENCIO"
1478,"MEDINA VERA, INOCENCIO"
1479,"MEDINA VERA, INOCENCIO"
1480,"MEDINA VERA, INOCENCIO"
1481,"MEDINA VERA, INOCENCIO"
1482,"MEDINA VERA, INOCENCIO"
1483,"MEDINA VERA, INOCENCIO"
1484,"MEDINA VERA, INOCENCIO"
1485,"MEDINA VERA, INOCENCIO"
1486,"MEDINA VERA, INOCENCIO"
1487,"MEDINA VERA, INOCENCIO"
1488,"MEDINA VERA, INOCENCIO"
1489,"MEDINA VERA, INOCENCIO"
1490,"MEDINA VERA, INOCENCIO"
1491,"MEDINA VERA, INOCENCIO"
1492,"MEDINA VERA, INOCENCIO"
1493,"MEDINA VERA, INOCENCIO"
1494,"MEDINA VERA, INOCENCIO"
1495,"MEDINA VERA, INOCENCIO"
1496,"MEDINA VERA, INOCENCIO"
1497,"MEDINA VERA, INOCENCIO"
1498,"MEDINA VERA, INOCENCIO"
1499,"MEDINA VERA, INOCENCIO"
1500,"MEDINA VERA, INOCENCIO"
1501,"MEDINA VERA, INOCENCIO"
1502,"GONZALEZ BELTRAN, MARIANO"
1503,DESCONOCIDO
1504,MANUEL MENARGUEZ
1505,"CANOVAS SALA, FRANCISCO"
1506,"CANOVAS SALA, FRANCISCO"
1507,"CANOVAS SALA, FRANCISCO"
1508,ANTONIO CAMPILLO PARRAGA
1509,DESCONOCIDO
1510,"CANO HERNANDEZ, PEDRO"
1511,"BERNAL MU�OZ, FRANCISCO MANUEL"
1512,ANTONIO CAMPILLO PARRAGA
1513,"CANO HERNANDEZ, PEDRO"
1514,DESCONOCIDO
1515,DESCONOCIDO
1516,"MUNDET ALTIMIRA, JOAN"
1517,"MUNDET ALTIMIRA, JOAN"
1518,"GONZALEZ BELTRAN, MARIANO"
1519,DESCONOCIDO
1520,DESCONOCIDO
1521,DESCONOCIDO
1522,"NU�EZ PRECIOSO, LUIS FELIPE"
1523,"SERNA VERDU, PEDRO"
1524,"SERNA VERDU, PEDRO"
1525,"JIMENEZ SILVENTE, JESUS"
1526,"CORONADO, MANUEL"
1527,"CORONADO, MANUEL"
1528,"CAMPILLO PARRAGA, ANTONIO"
1529,"CAMPILLO PARRAGA, ANTONIO"
1530,"CAMPILLO PARRAGA, ANTONIO"
1531,"CAMPILLO PARRAGA, ANTONIO"
1532,"CAMPILLO PARRAGA, ANTONIO"
1533,"CAMPILLO PARRAGA, ANTONIO"
1534,MUHER
1535,"GONZALEZ BELTRAN, MARIANO"
1536,"GONZALEZ BELTRAN, MARIANO"
1537,"GONZALEZ BELTRAN, MARIANO"
1538,"ALVAREZ BASSO, DARIO"
1539,VARIOS
1540,"BELZUNCE, MANOLO"
1541,"BELZUNCE, MANOLO"
1542,"MARTINEZ MENGUAL, ANTONIO"
1543,VARIOS
1544,"FALGAS RIGAL, JOSE MARIA"
1545,"GONZALEZ BELTRAN, MARIANO"
1546,DESCONOCIDO
1547,"PARRAGA, JOSE MARIA"
1548,"PARRAGA, JOSE MARIA"
1549,"PARRAGA, JOSE MARIA"
1550,"PARRAGA, JOSE MARIA"
1551,"PARRAGA, JOSE MARIA"
1552,"PARRAGA, JOSE MARIA"
1553,DESCONOCIDO
1554,"MU�OZ BARBERAN, MANUEL"
1555,"BARNUEVO, MANUEL"
1556,"BELZUNCE, MANOLO"
1557,"CACHO, JOSE LUIS"
1558,"CATARINEU, DORA"
1559,DESCONOCIDO
1560,"HARO, ANGEL"
1561,"LINARES, ESTEBAN"
1562,"LUCAS, PEPE"
1563,"LUCAS, PEPE"
1564,EMILIO PASCUAL
1565,WILLI RAMOS
1566,DESCONOCIDO
1567,"MOLINA SANCHEZ, LUIS"
1568,"SANZ FARGAS, J."
1569,"FALGAS RIGAL, JOSE MARIA"
1570,"BELZUNCE, MANOLO"
1571,"BELZUNCE, MANOLO"
1572,"VIVO SANCHEZ, MIGUEL"
1573,"BALLESTER, ANTONIO"
1574,"MU�OZ BARBERAN, MANUEL"
1575,"BARNUEVO, MANUEL"
1576,"BELZUNCE, MANOLO"
1577,"CACHO, JOSE LUIS"
1578,"CATARINEU, DORA"
1579,OO
1580,"HARO, ANGEL"
1581,"LINARES, ESTEBAN"
1582,"LUCAS, PEPE"
1583,"LUCAS, PEPE"
1584,EMILIO PASCUAL
1585,WILLI RAMOS
1586,DESCONOCIDO
1587,"MOLINA SANCHEZ, LUIS"
1588,"SANZ FARGAS, J."
1589,"QUIROS ILLAN, JUAN JOSE"
1590,"LUCAS, PEPE"
1591,"OLIVARES DIAZ, FRANCISCO"
1592,"SAURA, ANTONIO"
1593,"PEREZ CASANOVA, PEDRO DIEGO"
1594,"PEREZ CASANOVA, PEDRO DIEGO"
1595,"PEREZ CASANOVA, PEDRO DIEGO"
1596,GALLEGO
1597,DESCONOCIDO
1598,VARIOS
1599,"NIETO, ENRIQUE"
1600,DESCONOCIDO
1601,INMACULADA ALCAZAR CORRAL
1602,MARIA INMACULADA BERNAL ORENES
1603,ROCIO CARRASCO MARTINEZ
1604,CRISTIAN CARRILLO PEREZ
1605,ALMUDENA DIA-MADRO�ERO MADRIG
1606,MARGARITA GARRIDO GUILLAM�N
1607,MARIA HUERTAS LLAMAS CARRASCO
1608,MARIA MESA DEL CASTILLO BERME
1609,VIVIANA MONTA�O GONZALEZ
1610,MARTA PALAO ORTU�O
1611,SUSANA PALAZON BERNAL
1612,AMALIA POZUELO HURTADO
1613,FLAVIA VERA MAESTRE
1614,MERCEDES VIARTOLA BRA�A
1615,JOAQUIN TOVAR GARCIA
1616,PASCUAL MARTINEZ MARTINEZ
1617,CECILIA VIVANCOS ARRONIZ
1618,CONTINUUM AFECTIVO
1619,MARCOS FACCIO
1620,"RODA DEL CASTILLO, EMILIO"
1621,DESCONOCIDO
1622,OO
1623,OO
1624,"LAMBERTOS, PABLO ANTONIO"
1625,"NAVARRO, SONIA"
1626,DESCONOCIDO
1627,DESCONOCIDO
1628,"CANO HERNANDEZ, PEDRO"
1629,"MORALES, SOFIA"
1630,"GAYA, RAMON"
1631,"ALONSO LUZZY, RAMON"
1632,"PEREZ MARTINEZ, AURELIO"
1633,"MOLINA SANCHEZ, JOSE ANTONIO"
1634,"MARTINEZ BALLESTER, JOSE JUAN"
1635,"AVELLANEDA, MANUEL"
1636,ALBACETE. ALFONSO
1637,"ALBALADEJO GARCIA, GINESA"
1638,JOSE MANUEL CIRIA
1639,"CAMPILLO PARRAGA, ANTONIO"
